










1/1/09 - 12/31/09 Schedule D Worksheet for thinkorswim account 89157325.
"Prepared on March 30, 2011 10:42:40 AM CDT for Zhou, GuangXu "
"For an explanation of how to interpret this report please visit:"
"www.thinkorswim.com/tax.html"

"Quantity","Symbol","Date Acquired","Date Sold","Sales Price","Cost Basis","Gain or (loss)","Security Type","Status"
"1.0","90Z9","10/6/09","10/6/09","$3.50","$3.50","$0.00","Equity","Matched Trades"
"1.0","CCH0","12/17/09","12/17/09","$3.50","$3.50","$0.00","Equity","Matched Trades"
"1.0","NQZ9","10/13/09","10/6/09","$3.50","$3.50","$0.00","Equity","Matched Trades"
"1.0","SBH0","12/18/09","12/22/09","$3.50","$3.50","$0.00","Equity","Matched Trades"
"1.0","SBH0","12/23/09","12/23/09","$3.50","$3.50","$0.00","Equity","Matched Trades"
"1.0","SBH0","12/23/09","12/24/09","$3.50","$3.50","$0.00","Equity","Matched Trades"
"3.0","SBH0","12/24/09","12/24/09","$10.50","$10.50","$0.00","Equity","Matched Trades"
"2.0","SBH0","12/28/09","12/28/09","$7.00","$7.00","$0.00","Equity","Matched Trades"
"1.0","SBH0","12/28/09","12/30/09","$3.50","$3.50","$0.00","Equity","Matched Trades"
"1.0","SBH0","12/30/09","12/30/09","$3.50","$3.50","$0.00","Equity","Matched Trades"
"1.0","SBH0","12/31/09","n/a","?","$3.50","?","Equity","Unable to Locate Closing Action - Correct Manually for Positions Transferred from Other Accounts, Corporate Actions, LEAPS, etc."
"1.0","SBK0","n/a","12/28/09","$3.50","?","?","Equity","Unable to Locate Closing Action - Correct Manually for Positions Transferred from Other Accounts, Corporate Actions, LEAPS, etc."
"1.0","YGG0","12/16/09","12/15/09","$3.50","$3.50","$0.00","Equity","Matched Trades"
"1.0","ZCH0","10/6/09","10/7/09","$3.50","$3.50","$0.00","Equity","Matched Trades"
"1.0","ZCH0","10/13/09","10/15/09","$3.50","$3.50","$0.00","Equity","Matched Trades"
"1.0","ZCH0","10/20/09","11/2/09","$3.50","$3.50","$0.00","Equity","Matched Trades"
"1.0","ZCH0","11/16/09","11/19/09","$3.50","$3.50","$0.00","Equity","Matched Trades"
"1.0","ZCH0","11/23/09","11/23/09","$3.50","$3.50","$0.00","Equity","Matched Trades"
"1.0","ZCH0","11/30/09","12/14/09","$3.50","$3.50","$0.00","Equity","Matched Trades"
"1.0","ZCK0","12/1/09","11/30/09","$3.50","$3.50","$0.00","Equity","Matched Trades"
"1.0","ZCZ9","7/21/09","7/23/09","$3.50","$3.50","$0.00","Equity","Matched Trades"
"1.0","ZCZ9","7/23/09","7/27/09","$3.50","$3.50","$0.00","Equity","Matched Trades"
"1.0","ZCZ9","7/29/09","7/28/09","$3.50","$3.50","$0.00","Equity","Matched Trades"
"1.0","ZCZ9","8/6/09","7/31/09","$3.50","$3.50","$0.00","Equity","Matched Trades"
"1.0","ZCZ9","8/7/09","9/15/09","$3.50","$3.50","$0.00","Equity","Matched Trades"
"1.0","ZCZ9","9/16/09","9/16/09","$3.50","$3.50","$0.00","Equity","Matched Trades"
"1.0","ZCZ9","9/18/09","9/22/09","$3.50","$3.50","$0.00","Equity","Matched Trades"


